Feature,Importance
age,0.41209465
HRV_HTI,0.15882765
ST_slope_min,0.15702344
is_male,0.14063022
ST_slope_mean,0.10545869
HRV_CVNN,0.09862616
QRS_duration_min,0.09471596
ST_segment_mean,0.0935517
QT_interval_std,0.09149568
HRV_range,0.08782281
HRV_TINN,0.08509613
PR_segment_mean,0.07833871
HRV_MCVNN,0.07819364
ST_segment_max,0.07364988
P_wave_duration_mean,0.0675534
ST_segment_std,0.06609271
P_wave_duration_max,0.06368139
PR_segment_min,0.06068434
ST_segment_min,0.059296004
HRV_CVSD,0.055139095
QT_HRV_ratio,0.05264418
ST_variability,0.052077565
PR_interval_min,0.05012264
PR_segment_std,0.048387542
QRS_duration_mean,0.04048443
PR_QRS_ratio,0.03901988
P_wave_duration_std,0.03823708
QT_interval_min,0.03812577
ST_slope_std,0.036819506
HRV_SDSD,0.036305506
HRV_IQRNN,0.03527148
QT_interval_mean,0.03524781
QRS_duration_std,0.03503127
ST_slope_max,0.033543963
HRV_SDNN,0.032315478
HRV_SDRMSSD,0.032180123
P_wave_duration_min,0.028607827
HRV_MaxNN,0.027027007
QT_interval_max,0.026941102
HRV_Prc20NN,0.024494508
HRV_MinNN,0.024325425
HRV_MeanNN,0.023909813
HRV_Prc80NN,0.02224868
HRV_MedianNN,0.021238277
PR_interval_mean,0.0194284
PR_interval_max,0.019387381
PR_interval_std,0.01693613
HRV_RMSSD,0.016135667
PR_segment_max,0.015714653
QRS_duration_max,0.014960922
HRV_pNN20,0.013608663
HRV_pNN50,0.010413549
HRV_MadNN,0.0075060576
